"","Burn_Severity","Land_Coverage_Category","Leachate_P_mg_kgchar_part_Mean","Leachate_P_mg_kgchar_part_Standard_Deviation","Count","Leachate_P_mg_kgchar_filt0.7_Mean","Leachate_P_mg_kgchar_filt0.7_Standard_Deviation","Leachate_P_mg_kgchar_unfilt_Mean","Leachate_P_mg_kgchar_unfilt_Standard_Deviation"
"1","Unburned","Douglas-fir forest",88.363301316697,146.873640242836,6,81.0777211567168,40.4327183223276,169.441022473414,155.315538835053
"2","Unburned","Sagebrush shrubland",23.0650730411686,35.1408292842518,3,293.047011952191,18.9159457831996,316.11208499336,27.4004231198202
"3","Low","Douglas-fir forest",110.334977267039,138.923509473492,15,100.27788338358,74.7684443888089,210.612860650619,186.282575635514
"4","Low","Sagebrush shrubland",223.582092184621,217.746935837012,6,414.184882603972,72.3890549983059,637.766974788593,277.189880334044
"5","Moderate","Douglas-fir forest",230.705490227022,115.535466181076,9,123.057153061635,73.8540467810111,353.762643288657,154.235258435413
"6","Moderate","Sagebrush shrubland",8155.72657722344,5210.48586078405,6,108.148857086405,9.57668643990722,8263.87543430984,5218.43963836917
"7","High","Douglas-fir forest",2658.60068210139,2239.09120836252,12,84.220005041203,44.7094582305731,2742.82068714259,2219.37958412438
